create Database formula1_db;
use formula1_db;

create table paises (sigla varchar (3) primary key, nome varchar (100), hino varchar (255),bandeira varchar(255))engine = InnoDB default charset = utf8;

create table equipes (id int primary key auto_increment, nome varchar (255), escudo varchar (100),id_pais varchar(3), foreign key (id_pais) references paises (sigla))engine=InnoDB default charset=utf8;

create table pilotos (id int primary key auto_increment, nome varchar (255),altura decimal (9.2),peso decimal(9.2),dt_nascimento date,id_pais varchar (3),id_equipe int,imagem_piloto varchar(255), foreign key(id_pais) references paises(sigla),foreign key(id_equipe) references equipes (id))engine=InnoDB default charset=utf8;

create table circuitos(id int primary key auto_increment,nome varchar(100))engine=InnoDB default charset=utf8;

create table corridas (id int primary key auto_increment, descricao varchar(255),id_circuito int,id_pais varchar(3), foreign key(id_circuito) references circuitos(id),foreign key(id_pais) references paises(sigla))engine=InnoDB default charset=utf8;

create table pilotos_corridas(id_piloto int,id_corrida int,dt_corrida date,posicao int,pontos int,tempo varchar(100),primary key(id_piloto,id_corrida),foreign key(id_piloto) references pilotos(id),foreign key(id_corrida) references corridas(id))engine=InnoDB default charset=utf8;

insert into paises values ('ABU','Abu-Dhabi',NULL,NULL),('AUS','Austrália',NULL,NULL),('AUT','Austria','http://hinos.austria',NULL),('AZE','Azerbaijão',NULL,NULL),('BEL','Belgica','http://hinos.belgica',NULL),('BHR','Bahrein',NULL,NULL),('BRA','Brasil','http://inos.brasil',NULL),('CAN','Canadá','http://hinos.canda',NULL),('CHN','China',NULL,NULL),('CIN','Cingapura',NULL,NULL),
('DNK','Dinamarca','http://hinos.dinamarca',NULL),('ENG','Inglaterra','http://inos.inglaterra',NULL),('ESP','Espanha','http://inos.espanha',NULL),('FIN','Finlândia','http://inos.finlandia',NULL),('FRA','França','http://hinos.franca',NULL),('GER','Alemanha','http://inos.alemanha',NULL),('GRB','Grã-Bretanha',NULL,NULL),('HUN','Hungria',NULL,NULL),('IND','India','http://hinos.india',NULL),
('ITA','Itália','http://hinos.italia',NULL),('JPN','Japão',NULL,NULL),('MCO','Mônaco',NULL,NULL),('MEX','Mexico','http://hinos.mexico',NULL),('MON','Mónaco','http://hinos.monaco',NULL),('MYS','Malásia',NULL,NULL),('NZL','Nova Zelândia','http://hinos.nova_zelandia',NULL),('PER','Peru','http://inos.peru',NULL),('RUS','Russia','http://hinos.russia',NULL),('SUE','Suecia','http://hinos.suecia',NULL),('SWZ','Suiça','http://hinos.suica',NULL),('USA','Estados Unidos','http://hinos.estados_unidos',NULL);

insert into equipes values (1,'Ferrari',NULL,'ITA'),(2,'McLaren',NULL,'ENG'),(3,'Mercedes',NULL,'GER'),(4,'Renault',NULL,'FRA'),(5,'Toro Rosso',NULL,'ITA'),
(6,'Force India',NULL,'IND'),(7,'Hass',NULL,'USA'),(8,'Red Bull Racing',NULL,'AUT'),(9,'Sauber',NULL,'SWZ'),(10,'Williams',NULL,'ENG');

insert into pilotos values (1,'Sebastian Vettel',1.86,64.00,'1987-07-03','GER',1,'pilotosebastian-vettel'),(2,'Kimi Raikkonen',1.86,70.00,'1979-10-17','FIN',1,'pilotokimi-raikkonen'),(3,'Sergio Perez',1.86,63.00,'1990-01-26','MEX',6,'pilotosergio-perez'),(4,'Esteban Ocon',1.86,66.00,'1996-09-17','FRA',6,'pilotoesteban-ocon'),(5,'Romain Grosjean',1.80,71.00,'1986-04-17','SWZ',7,'pilotogrosjean'),
(6,'Kevin Magnussen',1.74,68.00,'1992-10-05','DNK',7,'pilotokevin-magnussen'),(7,'Fernando Alonso',1.71,68.00,'1981-07-29','ESP',2,'pilotofernando-alonso'),(8,'Stoffel Vandoorne',1.76,65.00,'1992-03-26','BEL',2,'pilotostoffel-vandoorne'),(9,'Lewis Hamilton',1.74,66.00,'1985-01-07','ENG',3,'pilotolewis-hamilton'),
(10,'Valtteri Bottas',1.73,70.00,'1989-10-28','FIN',3,'pilotovaltteri-bottas'),(11,'Daniel Ricciardo',1.78,70.00,'1989-07-01','AUT',8,'pilotodaniel-ricciardo'),(12,'Max Verstappen',1.81,71.00,'1997-09-30','BEL',8,'pilotomax-verstappen'),(13,'Nico Hulkenberg',1.84,74.00,'1987-10-19','GER',4,'piloto\nico-hulkenbert'),(14,'Carrolos Sain Jr',1.77,66.00,'1994-09-01','ESP',4,'pilootoscarlos-sainz'),(15,'Marcus Ericsson',1.74,64.00,'1990-09-02','SUE',9,'pilotomarcus-ericsson'),
(16,'Charles Leclerc',1.79,69.00,'1997-10-16','MON',9,'pilotocharles-leclerc'),(17,'Pierre Gasly',1.86,71.00,'1996-02-07','FRA',5,'pilotopierre-gasly'),(18,'Brendon Hartley',1.84,67.00,'1989-11-10','NZL',5,'pilototendon-hartley'),(19,'Lance Stroll',1.82,70.00,'1998-10-29','CAN',10,'pilotolance-stroll'),(20,'Sergey Sirotkin',1.84,71.00,'1995-10-27','RUS',10,'pilootoscarlos-sainz');

insert into circuitos values (1,'Melborne'),(2,'Xangai'),(3,'Sakhir'),(4,'Sochir'),(5,'Barcelona'),(6,'Monte Carlo'),(7,'Montreal'),(8,'Baku'),(9,'Spielberg'),(10,'Silverstone'),(11,'Budapeste'),(12,'Spa-Francorcha'),(13,'Monza'),(14,'Marina Bay'),(15,'Hockenheim'),(16,'Suzuka'),(17,'Paul Ricard'),(18,'Cidade Mexico'),(19,'Interlagos'),(20,'Yas Marina'),(21,'Austin');

insert into corridas  values (1,'GP da Austrália',1,'AUS'),(2,'GP da China',2,'CHN'),(3,'GP do Bahrein',3,'BHR'),(4,'GP da Russia',4,'RUS'),(5,'Gp da Espanha',5,'ESP'),(6,'GP de Mônaco',6,'MCO'),(7,'GP do Canadá',7,'CAN'),(8,'GP da Azerbaijão',8,'AZE'),(9,'GP da Áustria',9,'AUT'),(10,'GP da Inglaterra',10,'ENG'),
(11,'GP da Hungria',11,'HUN'),(12,'GP da Bélgica',12,'BEL'),(13,'GP da Itália',13,'ITA'),(14,'GP de Cingapura',14,'CIN'),(15,'GP da Alemanha',15,'GER'),(16,'GP do Japão',16,'JPN'),(17,'GP do México',18,'MEX'),(18,'GP do BRasil',19,'BRA'),(19,'GP de Abu Dhabi',20,'ABU'),(20,'GP da França',17,'FRA'),(21,'GP dos Estados unidos',21,'USA');

insert into pilotos_corridas values (1,1,'2018-03-25',1,25,'1:29:33.283'),(1,2,'2018-04-15',8,4,'+35.286s'),(1,3,'2018-04-08',1,25,'1:32:01.940'),(1,5,'2018-05-13',4,12,'+27.584s'),(1,6,'2018-05-13',2,18,'+7.336s'),(1,7,'2018-06-10',1,25,'1:28:31.377'),(1,8,'2018-04-29',4,12,'+5.329s'),(1,9,'2018-07-01',3,15,'+3.181s'),(1,10,'2018-07-08',1,25,'1:27:26.0784'),(1,11,'2018-07-29',2,18,'+17.123s'),(1,12,'2018-08-26',1,25,'1:23:34.476'),(1,13,'2018-09-02',4,12,'+16.151s'),(1,14,'2018-09-16',3,15,'+39.945s'),(1,15,'2018-07-22',18,0,'DFN'),(1,20,'2018-06-24',5,10,'+61.935s'),(2,1,'2018-03-25',3,15,'+6.309s'),(2,2,'2018-04-15',3,15,'+9.637s'),(2,3,'2018-04-08',18,0,'DNF'),(2,5,'2018-05-13',17,0,'DFN'),(2,6,'2018-05-13',4,12,'+18.127s'),(2,7,'2018-06-10',6,8,'+27.184s'),(2,8,'2018-04-29',2,18,'+2.460S'),(2,9,'2018-07-01',2,18,'+1.504s'),(2,10,'2018-07-08',3,15,'+3.652s'),(2,11,'2018-07-29',3,15,'+20.101s'),(2,12,'2018-08-26',17,0,'DFN'),(2,13,'2018-09-02',2,18,'+8.705s'),(2,14,'2018-09-16',5,10,'+53.001s'),(2,15,'2018-07-22',3,15,'+6.732s'),(2,20,'2018-06-24',3,15,'+25.888s'),(3,1,'2018-03-25',11,0,'+46.817s'),(3,2,'2018-04-15',12,0,'+44.725s'),(3,3,'2018-04-08',16,0,'+1 lap'),(3,5,'2018-05-13',9,2,'+2 laps'),(3,6,'2018-05-13',12,0,'+70.461s'),(3,7,'2018-06-10',14,0,'+1 lap'),(3,8,'2018-04-29',3,15,'+4.024s'),(3,9,'2018-07-01',7,6,'+1 lap'),(3,10,'2018-07-08',10,1,'+34.708s'),(3,11,'2018-07-29',14,0,'+1 lap'),(3,12,'2018-08-26',5,10,'+71.023s'),(3,13,'2018-09-02',7,6,'+58.678s'),(3,14,'2018-09-16',16,0,'+1 lap'),(3,15,'2018-07-22',7,6,'+30.556s'),(3,20,'2018-06-24',18,0,'DFN'),(4,1,'2018-03-25',12,0,'+60.278s'),(4,2,'2018-04-15',11,0,'44.050s'),(4,3,'2018-04-08',10,1,'+1 lap'),(4,5,'2018-05-13',16,0,'DFN'),(4,6,'2018-04-29',6,8,'+23.667'),(4,7,'2018-06-10',9,2,'+1 lap'),(4,8,'2018-04-29',19,0,'DFN'),(4,9,'2018-07-01',6,8,'+1 lap'),(4,10,'2018-07-08',7,6,'+29.930s'),(4,11,'2018-07-29',13,0,'+1 lap'),(4,12,'2018-08-26',6,8,'+79.520s'),(4,13,'2018-09-02',6,8,'+57.761s'),(4,14,'2018-09-16',20,0,'DFN'),(4,15,'2018-07-22',8,4,'+31.750s'),(4,20,'2018-06-24',19,0,'DFN'),(5,1,'2018-03-25',16,0,'DFN'),(5,2,'2018-04-15',17,0,'+65.26s'),(5,3,'2018-04-08',13,0,'+1 lap'),(5,5,'2018-05-13',18,0,'DFN'),(5,6,'2018-05-13',15,0,'+1 lap'),(5,7,'2018-06-10',12,0,'+1 lap'),(5,8,'2018-04-29',15,0,'DFN'),(5,9,'2018-07-01',4,12,'+34.736s'),(5,10,'2018-07-08',16,0,'DFN'),(5,11,'2018-07-29',10,1,'+1 lap'),(5,12,'2018-08-26',7,6,'+85.953s'),(5,13,'2018-09-02',20,0,'DFN'),(5,14,'2018-09-16',15,0,'+1 lap'),(5,15,'2018-07-22',6,8,'+28.871s'),(5,20,'2018-06-24',11,0,'+1 lap'),(6,1,'2018-03-25',17,0,'DFN'),(6,2,'2018-04-15',10,1,'+39.594s'),(6,3,'2018-04-08',5,10,'+75.046s'),(6,5,'2018-04-29',6,8,'+1 lap'),(6,6,'2018-05-13',13,0,'+74.823s'),(6,7,'2018-06-10',13,0,'+1 lap'),(6,8,'2018-04-29',13,0,'+40.663s'),(6,9,'2018-07-01',5,10,'+1 lap'),(6,10,'2018-07-08',9,2,'+33.188s'),(6,11,'2018-07-29',7,6,'+1 lap'),(6,12,'2018-08-26',8,4,'+87.639s'),(6,13,'2018-09-02',16,0,'+1 lap'),(6,14,'2018-09-16',18,0,'+2 laps'),(6,15,'2018-07-22',11,0,'+34.919s'),(6,20,'2018-06-24',6,8,'+79.364s'),(7,1,'2018-03-25',5,10,'+27.886s'),(7,2,'2018-04-15',7,6,'+30.639s'),(7,5,'2018-05-13',8,4,'+1 lap'),(7,6,'2018-05-13',20,0,'DFN'),(7,7,'2018-06-10',18,0,'DFN'),(7,9,'2018-07-01',8,4,'+1 lap'),(7,10,'2018-07-08',8,4,'+31.115s'),(7,11,'2018-07-29',8,4,'+1 lap'),(7,12,'2018-08-26',19,0,'DFN'),(7,13,'2018-09-02',18,0,'DFN'),(7,14,'2018-09-16',7,6,'+103.011s'),(7,15,'2018-07-22',16,0,'DFN'),(7,20,'2018-06-24',16,0,'DFN'),(8,1,'2018-03-25',9,2,'+34.921s'),(8,2,'2018-04-15',13,0,'+49.373s'),(8,3,'2018-04-08',8,4,'+1 lap'),(8,5,'2018-05-13',15,0,'DFN'),(8,6,'2018-05-13',14,0,'+1 lap'),(8,7,'2018-06-10',16,0,'+2 lap'),(8,8,'2018-04-29',9,2,'+14.152s'),(8,9,'2018-07-01',15,0,'DFN'),(8,10,'2018-07-08',11,0,'+35.774s'),(8,11,'2018-07-29',18,0,'DFN'),(8,12,'2018-08-26',15,0,'+2 lap'),(8,13,'2018-09-02',12,0,'+1 lap'),(8,14,'2018-09-16',12,0,'+1 lap'),(8,15,'2018-07-22',13,0,'+46.617s'),(8,20,'2018-06-24',12,0,'+1 lap'),(9,1,'2018-03-25',2,18,'+5.036s'),(9,2,'2018-04-15',4,12,'+16.985s'),(9,3,'2018-04-08',3,15,'+6.512s'),(9,5,'2018-05-13',1,25,'1:35:29.972'),(9,6,'2018-05-13',3,15,'+17.013s'),(9,7,'2018-06-10',5,10,'+21.559s'),(9,8,'2018-04-29',1,25,'1:43:44.291'),(9,9,'2018-07-01',16,0,'DFN'),(9,10,'2018-07-08',2,18,'+2.264s'),(9,11,'2018-07-29',1,25,'1:37:16.427'),(9,12,'2018-08-26',2,18,'+11.061s'),(9,13,'2018-09-02',1,25,'1:16:54.484'),(9,14,'2018-09-16',1,25,'1:51:11.611'),(9,15,'2018-07-22',1,25,'1:32:29.845'),(9,20,'2018-06-24',1,25,'1:30:11.385'),(10,1,'2018-03-25',8,4,'+34.339s'),(10,2,'2018-04-15',2,18,'+8.894S'),(10,3,'2018-04-08',2,18,'+0.699s'),(10,5,'2018-05-13',2,18,'+20.593s'),(10,6,'2018-04-29',5,10,'+18.822s'),(10,7,'2018-06-10',2,18,'+7.376s'),(10,8,'2018-04-29',14,0,'DFN'),(10,9,'2018-07-01',19,0,'DFN'),(10,10,'2018-07-08',4,12,'+8.883s'),(10,11,'2018-07-29',5,10,'+60.000s'),(10,12,'2018-08-26',4,12,'+68.605s'),(10,13,'2018-09-02',3,15,'+14.066s'),(10,14,'2018-09-16',4,12,'+51.930s'),(10,15,'2018-07-22',2,18,'+4.535s'),(10,20,'2018-06-24',7,6,'+80.632s'),(11,1,'2018-03-25',4,12,'+7.069s'),(11,2,'2018-04-15',1,25,'1:35;36.380'),(11,3,'2018-04-08',20,0,'NDF'),(11,5,'2018-04-29',5,10,'+50.058s'),(11,6,'2018-05-13',1,25,'1:42:54.807'),(11,7,'2018-06-10',4,12,'+20.892s'),(11,8,'2018-04-29',17,0,'DFN'),(11,9,'2018-07-01',18,0,'DFN'),(11,10,'2018-07-08',5,10,'+9.500s'),(11,11,'2018-07-29',4,12,'+7.654s'),(11,12,'2018-08-26',16,0,'+DFN'),(11,13,'2018-09-02',17,0,'DFN'),(11,14,'2018-09-16',6,8,'+58.982s'),(11,15,'2018-07-22',20,0,'DFN'),(11,20,'2018-06-24',4,12,'+34.736s'),(12,1,'2018-03-25',6,8,'+28.945s'),(12,2,'2018-04-15',5,10,'+20.436'),(12,3,'2018-04-08',19,0,'NDF'),(12,5,'2018-05-13',3,15,'+26.873s'),(12,6,'2018-05-13',9,2,'+25.317s'),(12,7,'2018-06-10',3,15,'+8.360s'),(12,8,'2018-04-29',16,0,'DFN'),(12,9,'2018-07-01',1,25,'1:21:56.024'),(12,10,'2018-07-08',15,0,'DFN'),(12,11,'2018-07-29',19,0,'DFN'),(12,12,'2018-08-26',3,15,'+31.372s'),(12,13,'2018-09-02',5,10,'+18.208s'),(12,14,'2018-09-16',2,18,'+8.961s'),(12,15,'2018-07-22',4,12,'+7.654s'),(12,20,'2018-06-24',2,18,'+7.090s'),(13,1,'2018-03-25',7,4,'+32.671s'),(13,2,'2018-04-15',6,8,'+21.052s'),(13,3,'2018-04-08',6,8,'+99.024s'),(13,5,'2018-05-13',20,0,'DFN'),(13,6,'2018-05-13',8,4,'+24.839s'),(13,7,'2018-06-10',7,6,'+1 lap'),(13,8,'2018-04-29',18,0,'DFN'),(13,9,'2018-07-01',20,0,'DFN'),(13,10,'2018-07-08',6,8,'+28.220s'),(13,11,'2018-07-29',12,0,'+1 lap'),(13,12,'2018-08-26',20,0,'DFN'),(13,13,'2018-09-02',13,0,'+1 lap'),(13,14,'2018-09-16',10,1,'+1 lap'),(13,15,'2018-07-22',5,10,'+26.609s'),(13,20,'2018-06-24',9,2,'+91.989s'),(14,1,'2018-03-25',10,1,'+45.722s'),(14,2,'2018-04-15',9,2,'+35.763s'),(14,3,'2018-04-08',11,0,'+1 lap'),(14,5,'2018-05-13',7,6,'+1 lap'),(14,6,'2018-05-13',10,1,'+69.013s'),(14,7,'2018-06-10',8,4,'+1 lap'),(14,8,'2018-04-29',5,10,'+7.515'),(14,9,'2018-07-01',12,0,'+1 lap'),(14,10,'2018-07-08',17,0,'DFN'),(14,11,'2018-07-29',9,2,'+1 lap'),(14,12,'2018-08-26',11,0,'+1 lap'),(14,13,'2018-09-02',8,4,'+78.140s'),(14,14,'2018-09-16',8,4,'+1 lap'),(14,15,'2018-07-22',12,0,'+43.069s'),(14,20,'2018-06-24',8,4,'+87.184s'),(15,1,'2018-03-25',19,0,'DFN'),(15,2,'2018-04-15',16,0,'+62.604s'),(15,3,'2018-04-08',9,2,'+1 lap'),(15,5,'2018-05-13',13,0,'+2 laps'),(15,6,'2018-05-13',11,0,'+69.864s'),(15,7,'2018-06-10',15,0,'+2 lap'),(15,8,'2018-04-29',11,0,'+18.512s'),(15,9,'2018-07-01',10,1,'+1 lap'),(15,10,'2018-07-08',18,0,'DFN'),(15,11,'2018-07-29',15,0,'+2 lap'),(15,12,'2018-08-26',10,1,'+1 lap'),(15,13,'2018-09-02',15,0,'+2 lap'),(15,14,'2018-09-16',11,0,'+1 lap'),(15,15,'2018-07-22',9,2,'+32.362s'),(15,20,'2018-06-24',13,0,'+1 lap'),(16,1,'2018-03-25',12,0,'+75.759s'),(16,2,'2018-04-15',19,0,'+82.575s'),(16,3,'2018-04-08',12,0,'+1 lap'),(16,5,'2018-05-13',10,1,'+2 laps'),(16,6,'2018-05-13',18,0,'DFN'),(16,7,'2018-06-10',10,1,'+1 lap'),(16,8,'2018-04-29',6,8,'+9.158s'),(16,9,'2018-07-01',9,2,'+1 lap'),(16,10,'2018-07-08',19,0,'DFN'),(16,11,'2018-07-29',20,0,'DFN'),(16,12,'2018-08-26',18,0,'DFN'),(16,13,'2018-09-02',11,0,'+1 lap'),(16,14,'2018-09-16',9,2,'+1 lap'),(16,15,'2018-07-22',15,0,'+1 lap'),(16,20,'2018-06-24',10,1,'+93.873s'),(17,1,'2018-03-25',18,0,'DFN'),(17,2,'2018-04-15',18,0,'+66.330s'),(17,3,'2018-04-08',4,12,'+62.234s'),(17,5,'2018-05-13',19,0,'DFN'),(17,6,'2018-05-13',7,6,'+24.331s'),(17,7,'2018-06-10',11,0,'+1 lap'),(17,8,'2018-04-29',12,0,'+24.720s'),(17,9,'2018-07-01',11,0,'+1 lap'),(17,10,'2018-07-08',13,0,'+39.129s'),(17,11,'2018-07-29',6,8,'+73.273s'),(17,12,'2018-08-26',9,2,'+05.892s'),(17,13,'2018-09-02',14,0,'+1 lap'),(17,14,'2018-09-16',13,0,'+1 lap'),(17,15,'2018-07-22',14,0,'+1 lap'),(17,20,'2018-06-24',20,0,'DFN'),(18,1,'2018-03-25',15,0,'+1lap'),(18,2,'2018-04-15',20,0,'DFN'),(18,3,'2018-04-08',17,0,'+1 lap'),(18,5,'2018-05-13',12,0,'+2 laps'),(18,6,'2018-05-13',19,0,'DFN'),(18,7,'2018-06-10',19,0,'DFN'),(18,8,'2018-04-29',10,1,'+18.030s'),(18,9,'2018-07-01',17,0,'DFN'),(18,10,'2018-07-08',20,0,'DFN'),(18,11,'2018-07-29',11,0,'+1 lap'),(18,12,'2018-08-26',14,0,'+1 lap'),(18,13,'2018-09-02',19,0,'DFN'),(18,14,'2018-09-16',17,0,'+1 lap'),(18,15,'2018-07-22',10,1,'+34.197s'),(18,20,'2018-06-24',14,0,'+1 lap'),(19,1,'2018-03-25',12,0,'+78.288s'),(19,2,'2018-04-15',14,0,'+55.490s'),(19,3,'2018-04-08',14,0,'+1 lap'),(19,5,'2018-05-13',11,0,'+2 laps'),(19,6,'2018-05-13',17,0,'+2 laps'),(19,7,'2018-06-10',20,0,'DFN'),(19,8,'2018-04-29',8,4,'+12.546s'),(19,9,'2018-07-01',14,0,'+1 lap'),(19,10,'2018-07-08',12,0,'+38.106s'),(19,11,'2018-07-29',17,0,'+2 lap'),(19,12,'2018-08-26',13,0,'+1 lap'),(19,13,'2018-09-02',9,2,'+1 lap'),(19,14,'2018-09-16',14,0,'+1 lap'),(19,15,'2018-07-22',17,0,'DFN'),(19,20,'2018-06-24',17,0,'DFN'),(20,1,'2018-03-25',20,0,'DFN'),(20,2,'2018-04-15',15,0,'+58.241s'),(20,3,'2018-04-08',15,0,'+1 lap'),(20,5,'2018-05-13',14,0,'+3 laps'),(20,6,'2018-05-13',16,0,'+1 lap'),(20,7,'2018-06-10',17,0,'+2 laps'),(20,8,'2018-04-29',20,0,'DFN'),(20,9,'2018-07-01',13,0,'+1 lap'),(20,10,'2018-07-08',14,0,'+48.113s'),(20,11,'2018-07-29',16,0,'+2 lap'),(20,12,'2018-08-26',12,0,'+1 lap'),(20,13,'2018-09-02',10,1,'+1 lap'),(20,14,'2018-09-16',19,0,'+2 laps'),(20,15,'2018-07-22',19,0,'DFN'),(20,20,'2018-06-24',15,0,'+2 lap');
